40:e3:d6:cd:73:66,40:e3:d6:cd:73:66,15
44:48:c1:c0:6c:30,44:48:c1:c0:6c:30,16
BKS-AP-1,BKS,10
BKS-AP-10,BKS,15
BKS-AP-11,BKS,8
BKS-AP-12,BKS,1
BKS-AP-13,BKS,3
BKS-AP-14,BKS,4
BKS-AP-15,BKS,14
BKS-AP-16,BKS,2
BKS-AP-17,BKS,36
BKS-AP-19,BKS,7
BKS-AP-2,BKS,14
BKS-AP-20,BKS,1
BKS-AP-3,BKS,34
BKS-AP-4,BKS,8
BKS-AP-5,BKS,6
BKS-AP-6,BKS,6
BKS-AP-7,BKS,71
BKS-AP-8,BKS,1
Event-ap-275-02,Event,247
Event-ap-275-03,Event,177
Event-ap-275-04,Event,121
Event-ap-275-05,Event,90
Event-ap-275-07,Event,80
McGwire-way-ap-01,McGwire-way,23
Outdoor-AP-LTS-tower-01,Outdoor,90
Outdoor-AP-LTS-west-01,Outdoor,59
Outdoor-IYH-patio-01,Outdoor-IYH-patio-01,46
Outdoor-her-plaza-1,Outdoor-her-plaza-1,57
TTL-ap-02,TTL,19
a8:bd:27:cb:24:74,a8:bd:27:cb:24:74,15
acb-ap-01,acb,1
acb-ap-03,acb,1
acb-ap-04,acb,7
acb-ap-07,acb,1
acb-ap-08,acb,2
acb-ap-09,acb,5
acb-ap-10,acb,6
acb-ap-11,acb,4
acb-ap-12,acb,5
acb-ap-13,acb,14
acb-ap-14,acb,17
acb-ap-17,acb,34
acb-ap-18,acb,28
acb-ap-20,acb,6
acb-ap-21,acb,11
acb-ap-22,acb,28
acb-ap-23,acb,3
acb-ap-24,acb,10
acb-ap-26,acb,8
acb-ap-27,acb,5
acb-ap-28,acb,7
acb-ap-29,acb,6
acb-ap-30,acb,5
acb-front-ap-1,acb-front,34
acc-ap-03,acc,1
acc-ap-04,acc,1
acc-ap-06,acc,1
acc-ap-07,acc,2
acc-ap-12,acc,5
acc-ap-14,acc,1
acc-ap-22,acc,2
acc-ap-24,acc,1
acc-ap-26,acc,6
acc-ap-29,acc,1
acc-ap-30,acc,2
acc-ap-32,acc,3
acc-ap-37,acc,4
acx-ap-01,acx,8
adm-ap-1,adm,1
adm-ap-10,adm,1
adm-ap-14,adm,2
adm-ap-15,adm,1
adm-ap-18,adm,2
adm-ap-2,adm,7
adm-ap-20,adm,3
adm-ap-21,adm,1
adm-ap-22,adm,8
adm-ap-23,adm,17
adm-ap-24,adm,8
adm-ap-25,adm,2
adm-ap-3,adm,4
adm-ap-30,adm,2
adm-ap-31,adm,21
adm-ap-32,adm,3
adm-ap-34,adm,3
adm-ap-35,adm,3
adm-ap-36,adm,5
adm-ap-38,adm,1
adm-ap-39,adm,9
adm-ap-4,adm,1
adm-ap-42,adm,5
adm-ap-43,adm,16
adm-ap-44,adm,7
adm-ap-45,adm,25
adm-ap-46,adm,1
adm-ap-5,adm,1
adm-ap-7,adm,9
adm-ap-9,adm,2
aes-ap-2,aes,1
aes-ap-5,aes,2
ahf-ap-02,ahf,5
ahf-ap-04,ahf,2
ahf-ap-05,ahf,1
ahf-ap-06,ahf,7
ahf-ap-07,ahf,8
ahf-ap-08,ahf,1
ahf-ap-09,ahf,9
ahf-ap-10,ahf,5
ahf-ap-11,ahf,15
ahf-ap-13,ahf,6
ahf-ap-14,ahf,14
ahf-ap-15,ahf,27
ahf-ap-16,ahf,14
ahf-ap-17,ahf,14
ahf-ap-18,ahf,1
ahf-ap-20,ahf,16
ahf-ap-21,ahf,2
ahf-ap-23,ahf,2
ahf-ap-24,ahf,30
ahf-ap-25,ahf,11
ahf-ap-26,ahf,2
ahf-ap-29,ahf,2
ahf-ap-30,ahf,1
ahf-ap-31,ahf,4
ahf-ap-33,ahf,1
ahf-ap-34,ahf,22
ahf-ap-36,ahf,1
ahf-ap-37,ahf,18
ahf-ap-38,ahf,1
ahf-ap-41,ahf,2
ahf-ap-42,ahf,4
ahf-ap-44,ahf,4
ahf-ap-45,ahf,16
ahn-ap-1,ahn,3
ahn-ap-2,ahn,1
alm-ap-1,alm,1
alm-ap-2,alm,9
alumni-park-ap-1,alumni-park,37
ann-ap-1,ann,1
ann-ap-100,ann,3
ann-ap-104,ann,1
ann-ap-106,ann,9
ann-ap-107,ann,7
ann-ap-11,ann,5
ann-ap-13,ann,6
ann-ap-14,ann,1
ann-ap-17,ann,2
ann-ap-18,ann,1
ann-ap-19,ann,6
ann-ap-2,ann,2
ann-ap-20,ann,1
ann-ap-22,ann,5
ann-ap-24,ann,3
ann-ap-26,ann,1
ann-ap-27,ann,3
ann-ap-29,ann,13
ann-ap-3,ann,2
ann-ap-30,ann,8
ann-ap-31,ann,42
ann-ap-32,ann,11
ann-ap-33,ann,9
ann-ap-36,ann,15
ann-ap-39,ann,2
ann-ap-4,ann,1
ann-ap-40,ann,4
ann-ap-42,ann,1
ann-ap-43,ann,2
ann-ap-48,ann,2
ann-ap-5,ann,6
ann-ap-52,ann,1
ann-ap-53,ann,3
ann-ap-54,ann,1
ann-ap-55,ann,2
ann-ap-57,ann,1
ann-ap-58,ann,1
ann-ap-6,ann,2
ann-ap-60,ann,8
ann-ap-61,ann,3
ann-ap-62,ann,2
ann-ap-63,ann,8
ann-ap-64,ann,12
ann-ap-65,ann,5
ann-ap-66,ann,2
ann-ap-68,ann,2
ann-ap-69,ann,2
ann-ap-7,ann,2
ann-ap-70,ann,2
ann-ap-72,ann,1
ann-ap-73,ann,2
ann-ap-74,ann,2
ann-ap-77,ann,2
ann-ap-79,ann,1
ann-ap-8,ann,5
ann-ap-80,ann,3
ann-ap-81,ann,1
ann-ap-82,ann,2
ann-ap-94,ann,1
ann-ap-96,ann,1
ann-ap-99,ann,2
ann-south-ap-1,ann-south,109
ap_name,building,1
archimedes-plaza-ap-1,archimedes-plaza,19
archimedes-plaza-ap-2,archimedes-plaza,7
asc-ap-1,asc,11
asc-ap-10,asc,7
asc-ap-11,asc,5
asc-ap-15,asc,3
asc-ap-16,asc,1
asc-ap-17,asc,1
asc-ap-18,asc,5
asc-ap-19,asc,1
asc-ap-21,asc,1
asc-ap-22,asc,2
asc-ap-25,asc,1
asc-ap-26,asc,14
asc-ap-28,asc,2
asc-ap-29,asc,7
asc-ap-30,asc,5
asc-ap-34,asc,1
asc-ap-36,asc,2
asc-ap-38,asc,1
asc-ap-4,asc,5
asc-ap-40,asc,3
asc-ap-41,asc,1
asc-ap-42,asc,22
asc-ap-44,asc,2
asc-ap-47,asc,2
asc-ap-49,asc,8
asc-ap-50,asc,16
asc-ap-51,asc,2
asc-ap-7,asc,3
asc-ap-8,asc,14
atm-ap-06,atm,38
atm-ap-07,atm,13
atm-ap-08,atm,16
atm-ap-09,atm,10
atm-ap-1,atm,23
atm-ap-10,atm,3
atm-ap-2,atm,19
atm-ap-3,atm,12
atm-ap-4,atm,11
atm-ap-5,atm,9
bdf-ap-1,bdf,2
bdf-ap-2,bdf,12
bdf-ap-3,bdf,6
bdf-ap-4,bdf,1
bdf-ap-5,bdf,2
bdf-ap-6,bdf,1
bdx-east-ap-1,bdx-east,43
bdx-west-ap-1,bdx-west,38
bhe-ap-03,bhe,8
bhe-ap-05,bhe,5
bhe-ap-09,bhe,3
bhe-ap-1,bhe,7
bhe-ap-10,bhe,47
bhe-ap-11,bhe,7
bhe-ap-12,bhe,19
bhe-ap-13,bhe,3
bhe-ap-14,bhe,12
bhe-ap-15,bhe,38
bhe-ap-18,bhe,12
bhe-ap-19,bhe,8
bhe-ap-20,bhe,5
bhe-ap-21,bhe,1
bhe-ap-22,bhe,7
bhe-ap-23,bhe,8
bhe-ap-24,bhe,12
bhe-ap-25,bhe,13
bhe-ap-26,bhe,10
bhe-ap-27,bhe,75
bhe-ap-28,bhe,12
bhe-ap-29,bhe,7
bhe-ap-30,bhe,21
bhe-ap-31,bhe,25
bhe-ap-32,bhe,14
bhe-ap-33,bhe,46
bhe-ap-34,bhe,15
bhe-ap-8,bhe,4
bit-ap-1,bit,1
bit-ap-4,bit,16
bit-ap-9,bit,1
bkf-front-ap-1,bkf-front,58
bloom-walk-ap-1,bloom-walk,18
bmh-ap-1,bmh,1
bmh-ap-2,bmh,26
bmh-ap-3,bmh,1
bmh-ap-5,bmh,1
bmh-ap-6,bmh,3
bmh-ap-8,bmh,1
bri-ap-04,bri,1
bri-ap-08,bri,5
bri-ap-09,bri,4
bri-ap-10,bri,23
bri-ap-14,bri,1
bri-ap-15,bri,5
bri-ap-17,bri,1
bri-ap-19,bri,8
bri-ap-22,bri,3
bri-ap-23,bri,2
bri-ap-24,bri,5
bri-ap-26,bri,3
bsr-ap-07,bsr,1
bsr-ap-14,bsr,1
bsr-ap-15,bsr,1
bsr-ap-26,bsr,10
bsr-ap-29,bsr,1
bsr-ap-30,bsr,3
bsr-ap-32,bsr,2
bsr-ap-34,bsr,1
bsr-ap-36,bsr,2
bsr-ap-39,bsr,8
bsr-ap-40,bsr,7
bsr-ap-42,bsr,2
bsr-ap-44,bsr,3
bsr-ap-45,bsr,3
bsr-ap-46,bsr,1
bsr-ap-57,bsr,1
bsr-ap-64,bsr,5
bsr-ap-65,bsr,9
bsr-ap-66,bsr,2
bsr-ap-75,bsr,4
bsr-ap-76,bsr,8
bsr-ap-77,bsr,21
bsr-ap-78,bsr,4
bsr-ap-80,bsr,6
bsr-ap-81,bsr,5
bsr-ap-82,bsr,3
bsr-ap-85,bsr,2
bsr-ap-86,bsr,26
bsr-ap-87,bsr,11
bsr-ap-88,bsr,31
bsr-ap-89,bsr,5
bsr-ap-90,bsr,5
bsr-ap-91,bsr,105
bsr-ap-92,bsr,11
bsr-ap-93,bsr,3
bsr-ap-94,bsr,80
bsr-ap-95,bsr,153
cal-ap-11,cal,17
cas-ap-1,cas,1
cas-ap-2,cas,12
cas-ap-3,cas,5
cas-ap-4,cas,6
cas-ap-5,cas,3
cas-ap-6,cas,3
cdf-ap-1,cdf,15
cdf-ap-11,cdf,78
cdf-ap-2,cdf,26
cdf-ap-3,cdf,167
cdf-ap-4,cdf,185
cdf-ap-5,cdf,53
cdf-ap-7,cdf,35
cem-ap-01,cem,12
cem-ap-02,cem,12
cem-ap-03,cem,1
cem-ap-04,cem,3
cem-ap-05,cem,6
clh-ap-1,clh,5
clh-ap-2,clh,7
col-ap-1,col,1
col-ap-10,col,5
col-ap-11,col,20
col-ap-12,col,4
col-ap-15,col,2
col-ap-16,col,3
col-ap-2,col,3
col-ap-3,col,4
col-ap-4,col,37
col-ap-7,col,8
col-ap-8,col,1
crocker-plaza-ap-1,crocker-plaza,11
crocker-plaza-ap-2,crocker-plaza,73
ctv-ap-1,ctv,1
ctv-ap-2,ctv,2
ctv-ap-4,ctv,15
ctv-ap-5,ctv,2
ctv-ap-6,ctv,10
cub-ap-1,cub,84
cub-ap-10,cub,1
cub-ap-11,cub,1
cub-ap-12,cub,2
cub-ap-14,cub,7
cub-ap-15,cub,7
cub-ap-16,cub,5
cub-ap-17,cub,5
cub-ap-18,cub,1
cub-ap-2,cub,20
cub-ap-3,cub,45
cub-ap-4,cub,29
cub-ap-5,cub,16
cub-ap-6,cub,1
cub-ap-7,cub,1
cub-ap-8,cub,3
cub-ap-9,cub,9
dcc-ap-10,dcc,1
dcc-ap-11,dcc,3
dcc-ap-12,dcc,5
dcc-ap-13,dcc,14
dcc-ap-14,dcc,8
dcc-ap-15,dcc,14
dcc-ap-16,dcc,50
dcc-ap-17,dcc,41
dcc-ap-18,dcc,4
dcc-ap-2,dcc,7
dcc-ap-20,dcc,7
dcc-ap-23,dcc,5
dcc-ap-24,dcc,42
dcc-ap-25,dcc,6
dcc-ap-4,dcc,4
dcc-ap-5,dcc,11
dcc-ap-6,dcc,66
dcc-ap-8,dcc,12
dcc-ap-9,dcc,7
den-ap-01,den,19
den-ap-02,den,2
den-ap-03,den,31
den-ap-04,den,95
den-ap-05,den,8
den-ap-06,den,17
den-ap-07,den,26
den-ap-08,den,23
den-ap-09,den,16
den-ap-10,den,22
den-ap-11,den,24
den-ap-12,den,20
den-ap-13,den,72
den-ap-14,den,65
den-ap-15,den,120
den-ap-16,den,118
den-ap-17,den,106
den-ap-18,den,74
den-ap-19,den,114
den-ap-20,den,186
den-ap-21,den,140
den-ap-22,den,80
den-ap-23,den,95
den-ap-24,den,171
den-ap-25,den,36
den-ap-26,den,195
den-ap-28,den,3
den-ap-29,den,12
den-ap-30,den,164
den-ap-31,den,155
den-ap-32,den,32
den-ap-33,den,161
den-ap-34,den,124
den-ap-35,den,163
den-ap-36,den,182
den-ap-37,den,176
den-ap-38,den,189
den-ap-39,den,9
den-ap-40,den,51
den-ap-41,den,190
den-ap-42,den,36
den-ap-43,den,33
den-ap-44,den,31
den-ap-45,den,16
den-ap-46,den,8
den-ap-47,den,9
den-ap-48,den,8
den-ap-49,den,18
den-ap-50,den,61
den-ap-51,den,28
den-ap-52,den,84
den-ap-53,den,113
den-ap-54,den,111
den-ap-55,den,42
den-ap-56,den,47
den-ap-57,den,40
den-ap-58,den,27
den-ap-59,den,46
den-ap-60,den,107
den-ap-61,den,219
den-ap-62,den,185
den-ap-63,den,46
den-ap-64,den,180
den-ap-65,den,202
den-ap-66,den,73
den-ap-67,den,178
den-ap-68,den,163
den-ap-69,den,28
den-ap-70,den,4
den-ap-71,den,7
den-ap-72,den,45
den-ap-73,den,21
den-ap-74,den,4
den-ap-76,den,3
den-ap-77,den,24
den-ap-78,den,55
den-ap-80,den,2
den-ap-81,den,111
den-ap-83,den,14
den-ap-84,den,80
den-ap-85,den,3
den-ap-86,den,7
den-ap-87,den,74
den-ap-88,den,1
den-ap-89,den,51
den-ap-90,den,15
den-ap-91,den,90
den-ap-92,den,119
den-ap-93,den,78
dml-ap-05,dml,3
dml-ap-06,dml,4
dml-ap-07,dml,16
dml-ap-10,dml,8
dml-ap-11,dml,3
dml-ap-12,dml,2
dml-ap-13,dml,5
dml-ap-14,dml,5
dml-ap-17,dml,3
dml-ap-18,dml,34
dml-ap-19,dml,1
dml-ap-22,dml,3
dml-ap-23,dml,1
dml-ap-24,dml,9
dml-ap-25,dml,3
dml-ap-27,dml,8
dml-ap-28,dml,5
dml-ap-29,dml,1
dml-ap-31,dml,11
dml-ap-32,dml,14
dml-ap-33,dml,6
dml-ap-34,dml,1
dml-ap-38,dml,1
dml-ap-40,dml,3
dml-ap-41,dml,3
dml-ap-43,dml,2
dml-ap-45,dml,1
dml-ap-46,dml,14
dml-ap-47,dml,8
dml-ap-49,dml,3
dml-ap-50,dml,16
dml-ap-51,dml,32
dml-ap-52,dml,4
dml-ap-53,dml,3
dml-ap-54,dml,10
dml-ap-56,dml,2
dml-ap-66,dml,2
dml-ap-69,dml,4
dml-ap-71,dml,5
dml-ap-74,dml,4
dml-ap-76,dml,1
dml-front-ap-1,dml-front,9
dmt-ap-13,dmt,1
dmt-ap-16,dmt,1
dmt-ap-19,dmt,3
dmt-ap-20,dmt,2
dmt-ap-26,dmt,1
dmt-ap-31,dmt,6
dmt-ap-43,dmt,2
dmt-ap-44,dmt,2
dmt-ap-45,dmt,1
dmt-ap-46,dmt,1
dmt-ap-47,dmt,1
dni-ap-01,dni,1
dni-ap-02,dni,1
dni-ap-03,dni,7
dni-ap-04,dni,1
dni-ap-08,dni,1
dni-ap-10,dni,1
drb-ap-01,drb,2
drb-ap-02,drb,19
drb-ap-03,drb,6
drb-ap-04,drb,12
drb-ap-05,drb,14
drb-ap-06,drb,6
drb-ap-07,drb,56
drb-ap-08,drb,69
drb-ap-09,drb,15
drb-ap-10,drb,1
drb-ap-11,drb,28
drb-ap-13,drb,7
drb-ap-14,drb,1
drb-ap-15,drb,12
drb-ap-16,drb,30
drb-ap-17,drb,7
drb-ap-18,drb,3
drb-ap-20,drb,21
drb-ap-21,drb,9
drb-ap-22,drb,7
drb-ap-23,drb,10
drb-ap-24,drb,12
drb-ap-25,drb,54
drb-ap-26,drb,66
drb-ap-27,drb,6
drb-ap-28,drb,1
drb-ap-29,drb,75
drb-ap-30,drb,21
drb-ap-31,drb,39
drb-ap-32,drb,7
drb-outdoor-ap-01,drb-outdoor,154
drc-ap-01,drc,1
drc-ap-03,drc,1
drc-ap-04,drc,1
drc-ap-06,drc,1
dwe-gate6-ap-1,dwe-gate6,114
dxm-ap-03,dxm,9
dxm-ap-05,dxm,1
dxm-ap-10,dxm,1
dxm-ap-11,dxm,4
dxm-ap-12,dxm,9
dxm-ap-13,dxm,17
dxm-ap-14,dxm,2
dxm-ap-19,dxm,18
dxm-ap-20,dxm,1
dxm-ap-22,dxm,10
dxm-ap-23,dxm,26
dxm-ap-24,dxm,16
dxm-ap-25,dxm,47
dxm-ap-26,dxm,3
dxm-ap-27,dxm,7
dxm-ap-29,dxm,3
dxm-ap-30,dxm,10
dxm-ap-31,dxm,97
dxm-ap-33,dxm,14
dxm-front-ap-01,dxm-front,94
eeb-ap-01,eeb,1
eeb-ap-02,eeb,7
eeb-ap-03,eeb,15
eeb-ap-04,eeb,10
eeb-ap-05,eeb,13
eeb-ap-06,eeb,52
eeb-ap-08,eeb,9
eeb-ap-09,eeb,11
eeb-ap-10,eeb,9
eeb-ap-11,eeb,3
eeb-ap-12,eeb,11
eeb-ap-13,eeb,16
eeb-ap-15,eeb,15
eeb-ap-16,eeb,27
eeb-ap-18,eeb,14
eeb-ap-19,eeb,14
eeb-ap-20,eeb,2
eeb-ap-21,eeb,6
eeb-ap-22,eeb,13
eeb-ap-23,eeb,4
eeb-ap-24,eeb,10
eeb-ap-25,eeb,9
eeb-ap-26,eeb,1
eeb-ap-27,eeb,8
eeb-ap-28,eeb,5
eeb-ap-29,eeb,14
eeb-ap-30,eeb,10
eeb-ap-31,eeb,3
eeb-ap-32,eeb,18
eeb-ap-33,eeb,20
esh-ap-1,esh,2
esh-ap-10,esh,4
esh-ap-11,esh,1
esh-ap-12,esh,9
esh-ap-13,esh,4
esh-ap-14,esh,16
esh-ap-15,esh,33
esh-ap-16,esh,23
esh-ap-17,esh,12
esh-ap-18,esh,50
esh-ap-19,esh,41
esh-ap-20,esh,47
esh-ap-22,esh,22
esh-ap-23,esh,12
esh-ap-24,esh,13
esh-ap-25,esh,8
esh-ap-26,esh,7
esh-ap-27,esh,66
esh-ap-28,esh,18
esh-ap-29,esh,21
esh-ap-3,esh,3
esh-ap-30,esh,10
esh-ap-31,esh,53
esh-ap-32,esh,2
esh-ap-33,esh,1
esh-ap-34,esh,29
esh-ap-35,esh,7
esh-ap-36,esh,14
esh-ap-37,esh,12
esh-ap-38,esh,8
esh-ap-39,esh,8
esh-ap-4,esh,5
esh-ap-40,esh,37
esh-ap-41,esh,1
esh-ap-42,esh,14
esh-ap-43,esh,6
esh-ap-44,esh,3
esh-ap-45,esh,8
esh-ap-46,esh,3
esh-ap-47,esh,18
esh-ap-48,esh,12
esh-ap-49,esh,17
esh-ap-5,esh,4
esh-ap-50,esh,16
esh-ap-51,esh,10
esh-ap-52,esh,3
esh-ap-53,esh,7
esh-ap-54,esh,1
esh-ap-55,esh,1
esh-ap-56,esh,5
esh-ap-57,esh,16
esh-ap-58,esh,24
esh-ap-59,esh,15
esh-ap-6,esh,5
esh-ap-60,esh,93
esh-ap-61,esh,35
esh-ap-62,esh,46
esh-ap-63,esh,43
esh-ap-64,esh,44
esh-ap-65,esh,102
esh-ap-66,esh,31
esh-ap-67,esh,43
esh-ap-68,esh,37
esh-ap-69,esh,11
esh-ap-7,esh,7
esh-ap-70,esh,22
esh-ap-71,esh,39
esh-ap-72,esh,169
esh-ap-73,esh,86
esh-ap-74,esh,59
esh-ap-75,esh,12
esh-ap-76,esh,8
esh-ap-77,esh,21
esh-ap-78,esh,32
esh-ap-79,esh,30
esh-ap-8,esh,20
esh-ap-9,esh,5
event-ap-277-01,event,107
evk-ap-01,evk,1
evk-ap-02,evk,34
evk-ap-03,evk,12
evk-ap-04,evk,1
evk-ap-08,evk,17
evk-ap-10,evk,1
evk-ap-13,evk,19
evk-ap-14,evk,13
evk-ap-15,evk,4
evk-ap-16,evk,11
evk-ap-17,evk,1
evk-ap-18,evk,64
evk-ap-19,evk,1
evk-ap-20,evk,1
evk-ap-21,evk,2
evk-ap-22,evk,1
evk-ap-23,evk,6
evk-ap-25,evk,1
evk-ap-27,evk,2
evk-ap-31,evk,2
evk-ap-32,evk,1
evk-ap-34,evk,2
evk-ap-35,evk,1
evk-ap-36,evk,22
evk-ap-40,evk,1
evk-ap-41,evk,6
evk-ap-45,evk,2
evk-ap-50,evk,3
evk-ap-51,evk,1
evk-ap-52,evk,11
evk-ap-54,evk,2
evk-ap-55,evk,5
evk-ap-56,evk,3
evk-ap-57,evk,1
evk-ap-58,evk,2
evk-ap-59,evk,1
evk-ap-60,evk,22
evk-ap-61,evk,73
fig-ap-01,fig,4
fig-ap-02,fig,12
fig-ap-03,fig,16
fig-ap-04,fig,21
fig-ap-05,fig,5
flt-ap-03,flt,35
flt-ap-06,flt,14
flt-ap-09,flt,1
flt-ap-15,flt,5
flt-ap-16,flt,1
flt-ap-17,flt,3
flt-ap-19,flt,2
flt-ap-20,flt,1
flt-ap-25,flt,1
flt-ap-26,flt,10
flt-ap-27,flt,2
flt-ap-29,flt,1
flt-ap-31,flt,37
flt-ap-35,flt,1
flt-ap-4,flt,51
flt-ap-44,flt,1
flt-ap-48,flt,1
flt-ap-49,flt,7
flt-ap-5,flt,3
flt-ap-51,flt,2
flt-ap-54,flt,1
flt-front-ap-01,flt-front,44
flt-test-ap-1,flt-test,10
fpm-ap-1,fpm,142
fpm-ap-2,fpm,202
gee-gate8-ap-1,gee-gate8,345
ger-ap-1,ger,34
ger-ap-10,ger,5
ger-ap-12,ger,20
ger-ap-13,ger,53
ger-ap-14,ger,3
ger-ap-15,ger,40
ger-ap-16,ger,2
ger-ap-17,ger,19
ger-ap-18,ger,17
ger-ap-19,ger,36
ger-ap-2,ger,8
ger-ap-20,ger,3
ger-ap-21,ger,3
ger-ap-23,ger,6
ger-ap-24,ger,6
ger-ap-25,ger,2
ger-ap-26,ger,13
ger-ap-27,ger,20
ger-ap-28,ger,12
ger-ap-29,ger,36
ger-ap-3,ger,1
ger-ap-30,ger,29
ger-ap-31,ger,15
ger-ap-32,ger,10
ger-ap-33,ger,30
ger-ap-34,ger,14
ger-ap-35,ger,17
ger-ap-36,ger,1
ger-ap-37,ger,2
ger-ap-4,ger,2
ger-ap-40,ger,35
ger-ap-41,ger,3
ger-ap-42,ger,2
ger-ap-5,ger,6
ger-ap-6,ger,22
ger-ap-7,ger,8
ger-ap-8,ger,2
gfs-ap-01,gfs,13
gfs-ap-03,gfs,2
gfs-ap-04,gfs,24
gfs-ap-06,gfs,9
gfs-ap-07,gfs,2
gfs-ap-08,gfs,21
gfs-ap-10,gfs,1
gfs-ap-12,gfs,7
gfs-ap-13,gfs,1
gfs-ap-14,gfs,11
gfs-ap-15,gfs,28
gfs-ap-16,gfs,6
gfs-ap-18,gfs,1
gfs-ap-21,gfs,2
gfs-ap-22,gfs,1
gfs-ap-25,gfs,1
gfs-ap-28,gfs,7
gfs-ap-29,gfs,1
gfs-ap-30,gfs,2
gfs-ap-31,gfs,2
gfs-ap-32,gfs,1
gfs-ap-33,gfs,3
gfs-ap-38,gfs,18
gfs-ap-39,gfs,4
gfs-ap-40,gfs,1
gfs-ap-44,gfs,5
gfs-ap-45,gfs,6
hahn-plaza-ap-01,hahn-plaza,21
hahn-plaza-ap-2,hahn-plaza,42
har-ap-1,har,6
har-ap-10,har,1
har-ap-12,har,9
har-ap-13,har,1
har-ap-17,har,10
har-ap-18,har,4
har-ap-19,har,3
har-ap-2,har,2
har-ap-20,har,3
har-ap-22,har,3
har-ap-23,har,5
har-ap-24,har,2
har-ap-25,har,2
har-ap-26,har,2
har-ap-3,har,2
har-ap-32,har,3
har-ap-5,har,7
har-ap-7,har,2
har-outdoor-ap-01,har-outdoor,3
hed-ap-1,hed,7
hed-ap-2,hed,16
hed-ap-3,hed,5
hed-ap-4,hed,13
hed-ap-5,hed,6
hed-ap-6,hed,39
hed-ap-7,hed,1
hed-ap-8,hed,5
her-ap-01,her,8
her-ap-02,her,7
her-ap-03,her,5
her-ap-05,her,5
her-ap-06,her,23
her-ap-07,her,42
her-ap-08,her,44
her-ap-09,her,2
her-ap-10,her,12
her-ap-11,her,54
her-ap-12,her,4
her-ap-13,her,14
her-ap-14,her,42
her-ap-15,her,13
her-ap-16,her,3
her-ap-17,her,1
her-ap-18,her,11
her-ap-20,her,6
her-ap-21,her,1
her-ap-23,her,1
her-ap-24,her,2
her-ap-25,her,1
her-ap-26,her,68
her-ap-27,her,134
her-ap-28,her,1
her-ap-29,her,13
her-ap-30,her,17
her-ap-31,her,2
her-ap-32,her,1
her-ap-34,her,7
her-ap-35,her,25
her-ap-38,her,40
her-ap-39,her,16
her-ap-42,her,5
her-ap-43,her,64
her-ap-44,her,5
her-ap-45,her,24
hnb-ap-01,hnb,5
hnb-ap-02,hnb,5
hnb-ap-03,hnb,18
hnb-ap-06,hnb,5
hnb-ap-07,hnb,1
hnb-ap-08,hnb,25
hnb-ap-09,hnb,4
hnb-ap-10,hnb,4
hnb-ap-11,hnb,1
hnb-ap-12,hnb,13
hnb-ap-13,hnb,7
hnb-ap-16,hnb,6
hnb-ap-17,hnb,5
hnb-ap-18,hnb,8
hnb-ap-19,hnb,11
hnb-ap-21,hnb,1
hnb-ap-22,hnb,2
hnb-ap-23,hnb,2
hnb-ap-25,hnb,3
hnb-ap-26,hnb,9
hnb-ap-27,hnb,4
hnb-ap-29,hnb,2
hnb-ap-30,hnb,1
hnb-ap-31,hnb,13
hnb-ap-32,hnb,5
hnb-ap-35,hnb,32
hnb-ap-36,hnb,7
hnb-ap-38,hnb,4
hnb-ap-39,hnb,1
hnb-ap-40,hnb,9
hnb-ap-41,hnb,6
hnb-ap-42,hnb,3
hnb-ap-43,hnb,6
hoh-ap-04,hoh,1
hoh-ap-05,hoh,1
hoh-ap-06,hoh,1
hoh-ap-07,hoh,2
hoh-ap-08,hoh,1
hoh-ap-09,hoh,1
hoh-ap-15,hoh,1
hoh-ap-16,hoh,7
hoh-ap-17,hoh,4
hoh-ap-18,hoh,9
hoh-ap-19,hoh,4
hoh-ap-20,hoh,3
hoh-ap-21,hoh,1
hoh-ap-23,hoh,2
hoh-ap-24,hoh,2
hoh-ap-25,hoh,2
hoh-ap-26,hoh,1
hoh-ap-28,hoh,7
hoh-ap-29,hoh,2
hoh-ap-31,hoh,1
hoh-ap-32,hoh,2
hoh-ap-33,hoh,5
hoh-ap-34,hoh,1
hoh-ap-39,hoh,1
hoh-ap-41,hoh,2
hoh-ap-42,hoh,3
hoh-ap-44,hoh,1
hoh-ap-45,hoh,1
hoh-ap-46,hoh,7
hoh-ap-49,hoh,1
hoh-ap-51,hoh,1
hoh-ap-53,hoh,1
hoh-ap-54,hoh,2
hoh-ap-55,hoh,5
hoh-ap-56,hoh,10
hoh-ap-58,hoh,6
hoh-ap-59,hoh,2
hoh-ap-67,hoh,9
hrh-ap-1,hrh,1
hrh-ap-10,hrh,2
hrh-ap-11,hrh,44
hrh-ap-13,hrh,2
hrh-ap-14,hrh,5
hrh-ap-17,hrh,3
hrh-ap-2,hrh,3
hrh-ap-23,hrh,7
hrh-ap-3,hrh,46
hrh-ap-4,hrh,13
hrh-ap-5,hrh,4
hrh-ap-7,hrh,7
hrh-ap-8,hrh,7
hrh-ap-9,hrh,1
hsh-ap-01,hsh,3
hsh-ap-02,hsh,15
hsh-ap-03,hsh,1
hsh-ap-05,hsh,1
hsh-ap-06,hsh,3
hsh-ap-07,hsh,7
hsh-ap-08,hsh,5
irc-ap-01,irc,1
irc-ap-02,irc,1
irc-ap-07,irc,2
irc-ap-08,irc,3
irc-ap-17,irc,1
irc-ap-18,irc,23
irc-ap-20,irc,2
irc-ap-23,irc,1
irc-ap-24,irc,1
irc-ap-25,irc,2
irc-ap-31,irc,1
irc-ap-33,irc,1
irc-ap-34,irc,1
irc-ap-39,irc,2
irc-ap-40,irc,13
irc-ap-43,irc,1
irc-ap-44,irc,4
irc-ap-45,irc,12
irc-ap-52,irc,3
irc-ap-53,irc,4
irc-ap-54,irc,1
irc-ap-56,irc,2
irc-ap-57,irc,13
irc-ap-59,irc,18
irc-ap-60,irc,1
irc-ap-61,irc,1
irc-ap-64,irc,3
irc-ap-65,irc,25
irc-ap-67,irc,5
irc-ap-68,irc,6
irc-ap-69,irc,12
irc-ap-70,irc,3
irc-ap-73,irc,1
irc-ap-77,irc,4
irc-ap-78,irc,2
irc-ap-79,irc,4
irc-ap-80,irc,14
irc-ap-81,irc,11
irc-ap-82,irc,8
irc-ap-83,irc,52
irc-ap-84,irc,44
irc-ap-85,irc,15
irc-ap-86,irc,1
irc-ap-87,irc,6
irc-ap-88,irc,11
irc-ap-89,irc,2
irc-ap-90,irc,3
irc-ap-92,irc,1
irc-ap-93,irc,1
irc-ap-97,irc,1
irc-front-ap-01,irc-front,21
iyh-ap-01,iyh,4
iyh-ap-02,iyh,1
iyh-ap-04,iyh,1
iyh-ap-05,iyh,2
iyh-ap-08,iyh,3
iyh-ap-10,iyh,1
iyh-ap-11,iyh,16
iyh-ap-12,iyh,6
iyh-ap-13,iyh,12
iyh-ap-14,iyh,13
iyh-ap-15,iyh,1
iyh-ap-16,iyh,2
iyh-ap-17,iyh,5
iyh-ap-18,iyh,7
iyh-ap-19,iyh,1
iyh-ap-20,iyh,4
iyh-ap-21,iyh,2
jef-ap-01,jef,47
jef-ap-02,jef,38
jef-ap-03,jef,37
jef-ap-04,jef,3
jef-ap-06,jef,76
jef-ap-07,jef,33
jef-ap-09,jef,1
jef-ap-10,jef,2
jef-ap-11,jef,293
jef-ap-12,jef,74
jep-ap-1,jep,91
jep-ap-2,jep,67
jep-ap-3,jep,1
jep-ap-5,jep,100
jff-ap-11,jff,1
jff-ap-15,jff,1
jff-ap-17,jff,7
jff-ap-19,jff,1
jff-ap-23,jff,4
jff-ap-25,jff,1
jff-ap-26,jff,11
jff-ap-29,jff,13
jff-ap-30,jff,15
jff-ap-41,jff,1
jff-ap-43,jff,9
jff-ap-44,jff,3
jff-ap-45,jff,8
jff-ap-46,jff,4
jff-ap-47,jff,7
jff-ap-49,jff,6
jff-ap-51,jff,4
jff-ap-56,jff,1
jff-ap-61,jff,2
jff-ap-66,jff,2
jff-ap-69,jff,5
jff-ap-76,jff,1
jff-ap-77,jff,9
jff-ap-81,jff,2
jff-ap-84,jff,2
jff-ap-85,jff,2
jff-ap-86,jff,1
jff-ap-88,jff,1
jff-courtyard-ap-02,jff-courtyard,1
jff-courtyard-ap-1,jff-courtyard,2
jhh-ap-03,jhh,7
jhh-ap-08,jhh,1
jhh-ap-09,jhh,1
jhh-ap-13,jhh,4
jhh-ap-17,jhh,7
jhh-ap-20,jhh,5
jhh-ap-29,jhh,2
jhh-ap-32,jhh,1
jkp-ap-07,jkp,1
jkp-ap-1,jkp,38
jkp-ap-12,jkp,45
jkp-ap-14,jkp,1
jkp-ap-17,jkp,10
jkp-ap-2,jkp,6
jkp-ap-20,jkp,5
jkp-ap-22,jkp,6
jkp-ap-30,jkp,1
jkp-ap-34,jkp,2
jkp-ap-39,jkp,5
jkp-ap-4,jkp,3
jkp-ap-42,jkp,1
jkp-ap-43,jkp,1
jkp-ap-44,jkp,7
jkp-ap-45,jkp,14
jkp-ap-49,jkp,5
jkp-ap-5,jkp,2
jkp-ap-50,jkp,1
jkp-ap-52,jkp,1
jkp-ap-53,jkp,2
jkp-ap-8,jkp,2
jmc-ap-01,jmc,77
jmc-ap-02,jmc,35
jmc-ap-03,jmc,114
jmc-ap-04,jmc,158
jmc-ap-05,jmc,119
jmc-ap-06,jmc,160
jmc-ap-07,jmc,251
jmc-ap-09,jmc,94
jmc-ap-10,jmc,133
jmc-ap-11,jmc,218
jmc-ap-12,jmc,106
jmc-ap-13,jmc,8
jmc-ap-14,jmc,5
jmc-ap-17,jmc,6
jmc-ap-18,jmc,11
jmc-ap-19,jmc,15
jmc-ap-20,jmc,32
jmc-ap-21,jmc,5
jmc-ap-22,jmc,25
jmc-ap-23,jmc,2
jmc-ap-24,jmc,1
jmc-ap-26,jmc,3
jmc-ap-27,jmc,44
jmc-ap-28,jmc,83
jmc-ap-29,jmc,78
jmc-ap-30,jmc,92
jmc-ap-31,jmc,25
jmc-ap-32,jmc,80
jmc-ap-33,jmc,42
jmc-ap-34,jmc,45
jmc-ap-35,jmc,22
jmc-ap-36,jmc,10
jmc-ap-37,jmc,39
jmc-ap-38,jmc,34
jmc-ap-39,jmc,28
jmc-ap-40,jmc,58
jmc-ap-41,jmc,48
jmc-ap-42,jmc,8
jmc-ap-43,jmc,16
jmc-ap-44,jmc,6
jmc-ap-45,jmc,20
jmc-ap-46,jmc,21
jmc-ap-47,jmc,93
jws-ap-01,jws,1
kap-ap-1,kap,12
kap-ap-10,kap,6
kap-ap-100,kap,10
kap-ap-103,kap,3
kap-ap-107,kap,2
kap-ap-108,kap,5
kap-ap-109,kap,9
kap-ap-11,kap,20
kap-ap-110,kap,1
kap-ap-111,kap,4
kap-ap-112,kap,1
kap-ap-113,kap,6
kap-ap-114,kap,1
kap-ap-115,kap,2
kap-ap-116,kap,69
kap-ap-118,kap,6
kap-ap-119,kap,7
kap-ap-120,kap,7
kap-ap-122,kap,6
kap-ap-123,kap,23
kap-ap-14,kap,11
kap-ap-15,kap,8
kap-ap-16,kap,15
kap-ap-17,kap,20
kap-ap-18,kap,8
kap-ap-2,kap,1
kap-ap-20,kap,11
kap-ap-21,kap,2
kap-ap-22,kap,2
kap-ap-23,kap,2
kap-ap-24,kap,6
kap-ap-25,kap,1
kap-ap-26,kap,3
kap-ap-27,kap,3
kap-ap-28,kap,1
kap-ap-30,kap,9
kap-ap-32,kap,1
kap-ap-33,kap,5
kap-ap-34,kap,2
kap-ap-35,kap,3
kap-ap-36,kap,3
kap-ap-37,kap,1
kap-ap-38,kap,3
kap-ap-39,kap,14
kap-ap-4,kap,1
kap-ap-40,kap,7
kap-ap-41,kap,2
kap-ap-42,kap,1
kap-ap-43,kap,3
kap-ap-44,kap,5
kap-ap-45,kap,16
kap-ap-46,kap,1
kap-ap-47,kap,2
kap-ap-49,kap,4
kap-ap-50,kap,1
kap-ap-51,kap,21
kap-ap-52,kap,3
kap-ap-54,kap,1
kap-ap-56,kap,1
kap-ap-57,kap,3
kap-ap-59,kap,1
kap-ap-6,kap,1
kap-ap-61,kap,3
kap-ap-62,kap,14
kap-ap-63,kap,3
kap-ap-64,kap,12
kap-ap-65,kap,25
kap-ap-66,kap,5
kap-ap-68,kap,2
kap-ap-69,kap,6
kap-ap-7,kap,2
kap-ap-70,kap,2
kap-ap-71,kap,9
kap-ap-72,kap,3
kap-ap-73,kap,29
kap-ap-74,kap,11
kap-ap-75,kap,1
kap-ap-76,kap,3
kap-ap-77,kap,1
kap-ap-78,kap,1
kap-ap-79,kap,16
kap-ap-80,kap,3
kap-ap-81,kap,1
kap-ap-82,kap,1
kap-ap-85,kap,6
kap-ap-86,kap,1
kap-ap-88,kap,1
kap-ap-89,kap,1
kap-ap-9,kap,8
kap-ap-90,kap,2
kap-ap-92,kap,6
kap-ap-94,kap,4
kap-ap-95,kap,2
kap-ap-96,kap,3
kap-ap-97,kap,1
kdc-ap-1,kdc,3
kdc-ap-10,kdc,1
kdc-ap-11,kdc,3
kdc-ap-12,kdc,6
kdc-ap-14,kdc,6
kdc-ap-16,kdc,3
kdc-ap-17,kdc,1
kdc-ap-2,kdc,6
kdc-ap-20,kdc,1
kdc-ap-21,kdc,5
kdc-ap-24,kdc,6
kdc-ap-5,kdc,9
kdc-ap-6,kdc,2
kdc-ap-7,kdc,5
kdc-ap-8,kdc,7
koh-ap-1,koh,1
koh-ap-2,koh,2
koh-ap-3,koh,9
koh-ap-4,koh,1
koh-ap-5,koh,10
koh-ap-7,koh,3
koh-ap-8,koh,1
koh-ap-9,koh,6
ksh-ap-1,ksh,2
ksh-ap-2,ksh,20
ksh-ap-3,ksh,1
ksh-ap-4,ksh,5
ksh-outdoor-ap-1,ksh-outdoor,4
law-ap-11,law,2
law-ap-18,law,1
law-ap-19,law,2
law-ap-2,law,1
law-ap-24,law,15
law-ap-25,law,3
law-ap-28,law,1
law-ap-30,law,1
law-ap-34,law,4
law-ap-35,law,1
law-ap-36,law,1
law-ap-39,law,6
law-ap-40,law,1
law-ap-41,law,1
law-ap-42,law,3
law-ap-43,law,4
law-ap-45,law,16
law-ap-47,law,15
law-ap-48,law,9
law-ap-49,law,5
law-ap-50,law,11
law-ap-51,law,1
law-ap-52,law,1
law-ap-53,law,8
law-ap-55,law,1
law-ap-56,law,2
law-ap-58,law,1
law-ap-59,law,4
law-ap-61,law,11
law-ap-62,law,3
law-ap-63,law,1
law-ap-65,law,4
law-ap-66,law,5
law-ap-67,law,1
law-ap-68,law,4
law-ap-69,law,2
law-ap-7,law,1
law-ap-71,law,1
law-ap-75,law,1
law-ap-77,law,1
law-ap-8,law,5
law-ap-81,law,3
law-ap-82,law,1
law-ap-84,law,1
law-ap-85,law,1
law-ap-86,law,1
law-ap-87,law,1
lazzaro-plaza-ap-01,lazzaro-plaza,18
lhi-ap-1,lhi,19
lhi-ap-10,lhi,29
lhi-ap-11,lhi,24
lhi-ap-12,lhi,12
lhi-ap-13,lhi,39
lhi-ap-14,lhi,36
lhi-ap-2,lhi,11
lhi-ap-3,lhi,73
lhi-ap-4,lhi,17
lhi-ap-5,lhi,1
lhi-ap-6,lhi,10
lhi-ap-7,lhi,23
lhi-ap-8,lhi,10
lhi-ap-9,lhi,7
ljs-ap-1,ljs,17
ljs-ap-10,ljs,11
ljs-ap-11,ljs,15
ljs-ap-12,ljs,4
ljs-ap-2,ljs,16
ljs-ap-3,ljs,17
ljs-ap-5,ljs,24
ljs-ap-6,ljs,8
ljs-ap-7,ljs,7
ljs-ap-8,ljs,5
ljs-ap-9,ljs,9
lrc-ap-1,lrc,3
lrc-ap-12,lrc,2
lrc-ap-14,lrc,3
lrc-ap-16,lrc,2
lrc-ap-17,lrc,4
lrc-ap-2,lrc,10
lrc-ap-3,lrc,15
lrc-ap-4,lrc,4
lrc-ap-6,lrc,6
lrc-ap-7,lrc,16
lrc-ap-8,lrc,6
lrc-ap-9,lrc,5
lts-ap-1,lts,3
lts-ap-2,lts,25
lvl-ap-1,lvl,2
lvl-ap-10,lvl,2
lvl-ap-12,lvl,1
lvl-ap-13,lvl,1
lvl-ap-2,lvl,3
lvl-ap-23,lvl,24
lvl-ap-24,lvl,27
lvl-ap-25,lvl,37
lvl-ap-26,lvl,7
lvl-ap-27,lvl,55
lvl-ap-28,lvl,35
lvl-ap-29,lvl,5
lvl-ap-30,lvl,8
lvl-ap-32,lvl,19
lvl-ap-33,lvl,4
lvl-ap-35,lvl,2
lvl-ap-36,lvl,8
lvl-ap-37,lvl,14
lvl-ap-38,lvl,12
lvl-ap-40,lvl,2
lvl-ap-41,lvl,6
lvl-ap-42,lvl,8
lvl-ap-43,lvl,4
lvl-ap-44,lvl,23
lvl-ap-45,lvl,7
lvl-ap-47,lvl,10
lvl-ap-48,lvl,14
lvl-ap-49,lvl,1
lvl-ap-50,lvl,5
lvl-ap-52,lvl,5
lvl-ap-55,lvl,2
lvl-ap-56,lvl,8
lvl-ap-57,lvl,55
lvl-ap-58,lvl,2
lvl-ap-59,lvl,1
lvl-ap-61,lvl,4
lvl-ap-62,lvl,3
lvl-ap-63,lvl,1
lvl-ap-64,lvl,2
lvl-ap-66,lvl,27
lvl-ap-67,lvl,17
lvl-ap-68,lvl,14
lvl-ap-69,lvl,18
lvl-ap-7,lvl,2
lvl-ap-70,lvl,1
lvl-ap-71,lvl,1
lvl-ap-72,lvl,1
mcb-ap-01,mcb,2
mcb-ap-02,mcb,14
mcb-ap-03,mcb,1
mcb-ap-05,mcb,6
mcb-ap-06,mcb,5
mcb-ap-07,mcb,8
mcb-ap-08,mcb,1
mcb-ap-09,mcb,14
mcb-ap-10,mcb,24
mcb-ap-100,mcb,4
mcb-ap-102,mcb,1
mcb-ap-103,mcb,9
mcb-ap-104,mcb,9
mcb-ap-105,mcb,4
mcb-ap-107,mcb,2
mcb-ap-108,mcb,3
mcb-ap-11,mcb,28
mcb-ap-110,mcb,6
mcb-ap-111,mcb,35
mcb-ap-119,mcb,51
mcb-ap-12,mcb,5
mcb-ap-120,mcb,2
mcb-ap-121,mcb,1
mcb-ap-13,mcb,12
mcb-ap-14,mcb,12
mcb-ap-15,mcb,1
mcb-ap-16,mcb,2
mcb-ap-17,mcb,4
mcb-ap-18,mcb,4
mcb-ap-19,mcb,1
mcb-ap-21,mcb,5
mcb-ap-22,mcb,13
mcb-ap-23,mcb,8
mcb-ap-24,mcb,5
mcb-ap-27,mcb,1
mcb-ap-28,mcb,9
mcb-ap-29,mcb,21
mcb-ap-30,mcb,5
mcb-ap-32,mcb,6
mcb-ap-33,mcb,4
mcb-ap-34,mcb,1
mcb-ap-35,mcb,1
mcb-ap-36,mcb,3
mcb-ap-37,mcb,10
mcb-ap-38,mcb,9
mcb-ap-39,mcb,1
mcb-ap-40,mcb,37
mcb-ap-41,mcb,18
mcb-ap-42,mcb,27
mcb-ap-43,mcb,5
mcb-ap-44,mcb,6
mcb-ap-45,mcb,3
mcb-ap-46,mcb,3
mcb-ap-47,mcb,18
mcb-ap-48,mcb,14
mcb-ap-49,mcb,2
mcb-ap-50,mcb,6
mcb-ap-51,mcb,1
mcb-ap-52,mcb,4
mcb-ap-53,mcb,6
mcb-ap-54,mcb,7
mcb-ap-55,mcb,1
mcb-ap-56,mcb,17
mcb-ap-57,mcb,4
mcb-ap-58,mcb,18
mcb-ap-59,mcb,12
mcb-ap-60,mcb,2
mcb-ap-61,mcb,2
mcb-ap-62,mcb,14
mcb-ap-63,mcb,14
mcb-ap-64,mcb,6
mcb-ap-65,mcb,18
mcb-ap-66,mcb,6
mcb-ap-67,mcb,6
mcb-ap-68,mcb,1
mcb-ap-69,mcb,19
mcb-ap-70,mcb,41
mcb-ap-71,mcb,10
mcb-ap-72,mcb,15
mcb-ap-73,mcb,84
mcb-ap-74,mcb,27
mcb-ap-75,mcb,17
mcb-ap-76,mcb,17
mcb-ap-77,mcb,21
mcb-ap-79,mcb,9
mcb-ap-80,mcb,6
mcb-ap-81,mcb,1
mcb-ap-82,mcb,4
mcb-ap-83,mcb,16
mcb-ap-84,mcb,7
mcb-ap-85,mcb,36
mcb-ap-86,mcb,38
mcb-ap-87,mcb,25
mcb-ap-88,mcb,15
mcb-ap-89,mcb,6
mcb-ap-90,mcb,34
mcb-ap-91,mcb,46
mcb-ap-92,mcb,4
mcb-ap-93,mcb,3
mcb-ap-94,mcb,2
mcb-ap-95,mcb,1
mcb-ap-96,mcb,34
mcb-ap-97,mcb,20
mcb-ap-98,mcb,22
mcb-ap-99,mcb,55
mcc-ap-1,mcc,111
mcc-ap-10,mcc,1
mcc-ap-2,mcc,3
mcc-ap-3,mcc,2
mcc-ap-4,mcc,2
mcc-ap-5,mcc,4
mcc-ap-6,mcc,118
mcc-ap-7,mcc,12
mcc-ap-8,mcc,10
mcc-ap-9,mcc,5
mccarthy-quad-ap-1,mccarthy-quad,231
mccarthy-quad-ap-2,mccarthy-quad,49
mccarthy-quad-ap-3,mccarthy-quad,89
mce-gate5-ap-1,mce-gate5,432
mhp-ap-01,mhp,27
mhp-ap-02,mhp,7
mhp-ap-03,mhp,2
mhp-ap-04,mhp,6
mhp-ap-06,mhp,4
mhp-ap-14,mhp,1
mhp-ap-15,mhp,1
mhp-ap-17,mhp,1
mhp-ap-18,mhp,9
mhp-ap-19,mhp,1
mhp-ap-20,mhp,1
mhp-ap-21,mhp,2
mrf-ap-01,mrf,3
mrf-ap-02,mrf,12
mrf-ap-03,mrf,2
mrf-ap-04,mrf,3
mrf-ap-05,mrf,9
mrf-ap-06,mrf,2
mrf-ap-07,mrf,3
mrf-ap-09,mrf,15
mrf-ap-10,mrf,6
mrf-ap-15,mrf,1
mrf-ap-16,mrf,1
mrf-ap-17,mrf,7
mrf-ap-18,mrf,2
mrf-ap-19,mrf,4
mrf-ap-20,mrf,3
mts-ap-1,mts,2
mts-ap-2,mts,1
mts-ap-4,mts,6
mts-ap-5,mts,32
mts-stadium-ap-1,mts-stadium,17
mts-stadium-ap-2,mts-stadium,18
mts-stadium-ap-3,mts-stadium,84
mus-ap-01,mus,4
mus-ap-03,mus,9
mus-ap-05,mus,1
mus-ap-06,mus,2
mus-ap-09,mus,1
mus-ap-10,mus,14
mus-ap-12,mus,2
mus-ap-14,mus,8
mus-ap-15,mus,23
nct-ap-01,nct,6
nct-ap-02,nct,1
nct-ap-03,nct,3
nct-ap-04,nct,2
nct-ap-05,nct,2
nct-ap-06,nct,8
nct-ap-07,nct,1
nct-ap-08,nct,4
nct-ap-09,nct,1
nct-ap-10,nct,2
ocw-ap-1,ocw,12
ocw-ap-10,ocw,23
ocw-ap-11,ocw,14
ocw-ap-2,ocw,12
ocw-ap-3,ocw,19
ocw-ap-4,ocw,7
ocw-ap-5,ocw,12
ocw-ap-6,ocw,1
ocw-ap-7,ocw,17
ocw-ap-8,ocw,8
ocw-ap-9,ocw,14
ohe-ap-01,ohe,3
ohe-ap-02,ohe,8
ohe-ap-03,ohe,4
ohe-ap-04,ohe,11
ohe-ap-05,ohe,5
ohe-ap-06,ohe,35
ohe-ap-07,ohe,5
ohe-ap-08,ohe,21
ohe-ap-09,ohe,11
ohe-ap-10,ohe,3
ohe-ap-11,ohe,10
ohe-ap-12,ohe,26
ohe-ap-15,ohe,22
ohe-ap-17,ohe,7
ohe-ap-19,ohe,1
ohe-ap-20,ohe,5
ohe-ap-21,ohe,20
ohe-ap-22,ohe,11
ohe-ap-23,ohe,40
ohe-ap-24,ohe,2
ohe-ap-25,ohe,26
ohe-ap-26,ohe,1
ohe-ap-28,ohe,1
ohe-ap-29,ohe,17
ohe-ap-30,ohe,6
ohe-ap-32,ohe,13
ohe-ap-33,ohe,7
ohe-ap-34,ohe,1
ohe-ap-35,ohe,1
ohe-ap-36,ohe,8
ohe-ap-37,ohe,6
ohe-ap-39,ohe,12
ohe-ap-40,ohe,10
ohe-ap-41,ohe,1
ohe-ap-42,ohe,10
ohe-ap-43,ohe,12
ohe-ap-44,ohe,17
ohe-ap-45,ohe,4
ohe-ap-46,ohe,6
ohe-ap-47,ohe,1
ohe-ap-49,ohe,28
ohe-ap-50,ohe,81
ohe-ap-51,ohe,6
ohe-ap-52,ohe,1
outdoor-ap-den-01,outdoor,173
outdoor-ap-lts-north-01,outdoor,80
outdoor-ap-rhm-02,outdoor,61
outdoor-ap-rhm-ap-01,outdoor,10
outdoor-ap-rth-01,outdoor,6
outdoor-ped-northwest-ap-01,outdoor-ped-northwest,28
outdoor-ssl-northeast-ap-03,outdoor-ssl-northeast,12
outdoor-ssl-south-ap-01,outdoor-ssl-south,6
outdoor-ssl-southeast-ap-02,outdoor-ssl-southeast,8
pce-ap-1,pce,6
pce-ap-10,pce,20
pce-ap-11,pce,26
pce-ap-13,pce,21
pce-ap-14,pce,11
pce-ap-2,pce,3
pce-ap-3,pce,14
pce-ap-4,pce,14
pce-ap-5,pce,13
pce-ap-6,pce,5
pce-ap-7,pce,11
pce-ap-8,pce,7
pce-ap-9,pce,6
ped-ap-01,ped,15
ped-ap-02,ped,4
ped-ap-03,ped,14
ped-ap-04,ped,23
ped-ap-05,ped,3
ped-ap-06,ped,6
ped-ap-07,ped,2
ped-ap-08,ped,4
ped-ap-09,ped,24
ped-ap-10,ped,2
ped-ap-11,ped,2
ped-ap-13,ped,3
ped-ap-17,ped,1
ped-ap-18,ped,3
ped-ap-20,ped,3
ped-ap-23,ped,1
ped-ap-24,ped,7
ped-ap-25,ped,14
ped-ap-31,ped,13
ped-ap-33,ped,7
ped-ap-34,ped,11
ped-ap-36,ped,2
phe-ap-01,phe,5
phe-ap-02,phe,3
phe-ap-03,phe,1
phe-ap-04,phe,42
phe-ap-05,phe,13
phe-ap-06,phe,5
phe-ap-07,phe,11
phe-ap-08,phe,6
phe-ap-09,phe,4
phe-ap-10,phe,35
phe-ap-11,phe,21
phe-ap-12,phe,5
phe-ap-13,phe,6
phe-ap-14,phe,7
phe-ap-15,phe,9
phe-ap-16,phe,2
phe-ap-17,phe,1
phe-ap-18,phe,7
phe-ap-20,phe,16
phe-ap-21,phe,24
phe-ap-22,phe,8
phe-ap-23,phe,1
phe-ap-24,phe,8
phe-ap-26,phe,1
phe-ap-27,phe,8
pks-ap-01,pks,1
pks-ap-03,pks,3
pks-ap-04,pks,5
pks-ap-05,pks,3
pks-ap-06,pks,1
pks-ap-08,pks,14
pks-ap-09,pks,7
pks-ap-10,pks,8
pks-ap-11,pks,1
pks-ap-110,pks,40
pks-ap-111,pks,46
pks-ap-14,pks,9
pks-ap-15,pks,1
pks-ap-16,pks,2
pks-ap-17,pks,10
pks-ap-18,pks,5
pks-ap-19,pks,4
pks-ap-20,pks,4
pks-ap-51,pks,6
pks-ap-73,pks,18
pks-ap-97,pks,7
pks-ap-99,pks,43
prb-ap-01,prb,1
prb-ap-03,prb,3
prb-ap-05,prb,2
prb-ap-06,prb,2
prb-ap-07,prb,10
prb-ap-09,prb,1
prb-ap-15,prb,1
prb-ap-19,prb,4
prb-ap-20,prb,1
prb-ap-29,prb,2
prb-ap-30,prb,2
prb-ap-34,prb,5
prb-ap-41,prb,3
prb-ap-43,prb,8
prb-ap-44,prb,1
prb-ap-51,prb,1
prb-ap-52,prb,2
prb-ap-54,prb,1
prb-ap-55,prb,1
prb-ap-56,prb,5
prb-ap-59,prb,7
prb-ap-60,prb,1
prb-ap-61,prb,2
prb-ap-67,prb,16
prb-ap-69,prb,4
prb-ap-70,prb,4
prb-ap-71,prb,3
prb-ap-72,prb,3
prb-ap-73,prb,3
prb-ap-74,prb,23
prb-ap-75,prb,6
prb-ap-76,prb,1
prb-ap-77,prb,3
prb-ap-78,prb,6
prb-ap-79,prb,28
prb-ap-80,prb,5
prb-ap-81,prb,6
prb-ap-82,prb,1
prb-ap-83,prb,20
prb-ap-85,prb,10
prb-ap-86,prb,7
prb-front-ap-01,prb-front,18
psa-ap-1,psa,174
psa-ap-2,psa,105
psa-ap-3,psa,129
psa-ap-4,psa,136
psa-ap-5,psa,85
psa-ap-6,psa,139
psa-ap-7,psa,43
psa-ap-8,psa,8
psa-ap-9,psa,79
psa-outdoor-ap-1,psa-outdoor,147
psb-ap-1,psb,16
psb-ap-2,psb,11
psb-ap-3,psb,22
psb-ap-4,psb,28
psb-ap-5,psb,105
psb-ap-6,psb,61
psb-ap-7,psb,83
psb-ap-8,psb,4
psb-ap-9,psb,41
psd-ap-08,psd,8
psd-ap-1,psd,3
psd-ap-10,psd,2
psd-ap-11,psd,8
psd-ap-2,psd,3
psd-ap-3,psd,12
psd-ap-5,psd,17
psd-ap-6,psd,6
psd-ap-7,psd,9
psd-ap-9,psd,6
psd-east-ap-1,psd-east,27
psd-west-ap-1,psd-west,51
psx-ap-1,psx,57
psx-ap-2,psx,80
psx-ap-3,psx,46
psx-ap-4,psx,35
psx-ap-5,psx,63
psx-ap-6,psx,25
psx-front-ap-1,psx-front,53
ptd-ap-03,ptd,1
ptd-ap-08,ptd,1
ptd-ap-09,ptd,1
ptd-ap-11,ptd,1
ptd-ap-14,ptd,1
ptd-ap-17,ptd,6
ptd-ap-18,ptd,1
ptd-ap-23,ptd,1
ptd-ap-24,ptd,2
ptd-ap-25,ptd,1
ptd-ap-26,ptd,1
ptd-ap-31,ptd,1
ptd-ap-33,ptd,26
ptd-ap-34,ptd,3
ptd-ap-39,ptd,1
ptd-ap-40,ptd,3
ptd-ap-41,ptd,4
ptd-ap-45,ptd,2
ptd-ap-48,ptd,2
ptd-ap-49,ptd,6
ptd-ap-50,ptd,1
ptd-ap-53,ptd,6
ptd-ap-55,ptd,2
ptd-ap-56,ptd,1
ptd-ap-57,ptd,1
ptd-ap-58,ptd,30
ptd-ap-59,ptd,1
ptd-ap-63,ptd,1
ptd-ap-65,ptd,2
ptd-ap-66,ptd,10
pwe-cp-ap-1,pwe-cp,33
ran-ap-01,ran,11
ran-ap-03,ran,2
ran-ap-04,ran,1
ran-ap-06,ran,2
ran-ap-07,ran,10
ran-ap-08,ran,1
ran-ap-09,ran,6
ran-ap-10,ran,8
ran-ap-11,ran,4
ran-ap-13,ran,15
ran-ap-14,ran,25
ran-ap-15,ran,1
ran-ap-17,ran,1
ran-ap-20,ran,8
ran-ap-21,ran,6
ran-ap-23,ran,3
ran-ap-24,ran,6
ran-ap-27,ran,2
ran-ap-28,ran,7
ran-ap-30,ran,3
ran-ap-31,ran,8
ran-ap-32,ran,1
ran-ap-33,ran,4
rgl-ap-10,rgl,8
rgl-ap-11,rgl,18
rgl-ap-12,rgl,3
rgl-ap-13,rgl,1
rgl-ap-14,rgl,1
rgl-ap-15,rgl,3
rgl-ap-16,rgl,2
rgl-ap-17,rgl,3
rgl-ap-18,rgl,3
rgl-ap-20,rgl,1
rgl-ap-22,rgl,7
rgl-ap-23,rgl,1
rgl-ap-25,rgl,1
rgl-ap-26,rgl,2
rgl-ap-27,rgl,3
rgl-ap-28,rgl,1
rgl-ap-29,rgl,3
rgl-ap-30,rgl,8
rgl-ap-31,rgl,2
rgl-ap-32,rgl,2
rgl-ap-33,rgl,3
rgl-ap-34,rgl,2
rgl-ap-4,rgl,1
rgl-ap-9,rgl,1
rhm-ap-01,rhm,4
rhm-ap-02,rhm,2
rhm-ap-03,rhm,15
rhm-ap-04,rhm,7
rrb-ap-01,rrb,3
rrb-ap-02,rrb,3
rrb-ap-05,rrb,10
rrb-ap-07,rrb,16
rrb-ap-08,rrb,35
rrb-ap-09,rrb,47
rrb-ap-15,rrb,1
rrb-ap-16,rrb,1
rrb-ap-17,rrb,3
rrb-ap-18,rrb,19
rri-ap-01,rri,12
rri-ap-02,rri,1
rri-ap-03,rri,1
rri-ap-04,rri,11
rri-ap-05,rri,22
rri-ap-06,rri,6
rri-ap-07,rri,5
rri-ap-09,rri,11
rri-ap-10,rri,103
rri-ap-11,rri,17
rri-ap-12,rri,1
rri-ap-13,rri,4
rri-ap-14,rri,5
rri-ap-15,rri,30
rri-ap-16,rri,22
rri-ap-17,rri,10
rri-ap-18,rri,3
rri-ap-20,rri,10
rri-ap-21,rri,27
rri-ap-22,rri,34
rri-ap-23,rri,57
rri-ap-24,rri,35
rri-ap-25,rri,16
rri-ap-26,rri,22
rri-ap-27,rri,27
rri-ap-28,rri,44
rri-ap-29,rri,17
rri-ap-30,rri,33
rri-ap-31,rri,16
rri-ap-32,rri,1
rri-ap-33,rri,23
rri-ap-34,rri,26
rri-ap-35,rri,5
rri-ap-36,rri,46
rri-ap-38,rri,10
rri-ap-39,rri,3
rri-ap-40,rri,16
rri-ap-41,rri,3
rri-ap-42,rri,1
rri-ap-43,rri,54
rri-ap-44,rri,33
rri-ap-45,rri,40
rri-ap-48,rri,4
rri-ap-49,rri,8
rri-ap-50,rri,38
rri-ap-51,rri,6
rri-ap-52,rri,22
rri-ap-53,rri,9
rri-ap-54,rri,14
rri-ap-55,rri,14
rri-ap-57,rri,29
rri-ap-58,rri,23
rri-ap-59,rri,16
rri-ap-60,rri,16
rri-ap-63,rri,1
rri-ap-65,rri,15
rri-ap-67,rri,1
rri-north-ap-01,rri-north,88
rri-south-01,rri-south-01,96
rth-ap-01,rth,3
rth-ap-02,rth,7
rth-ap-03,rth,8
rth-ap-04,rth,1
rth-ap-05,rth,1
rth-ap-06,rth,2
rth-ap-08,rth,2
rth-ap-10,rth,2
rth-ap-15,rth,1
rth-ap-16,rth,8
rth-ap-18,rth,53
rth-ap-19,rth,2
rth-ap-21,rth,13
rth-ap-22,rth,21
rth-ap-23,rth,38
rth-ap-25,rth,2
rth-ap-30,rth,3
rth-ap-31,rth,2
rth-ap-32,rth,2
rth-ap-33,rth,1
rth-ap-34,rth,9
rth-ap-35,rth,17
rth-ap-36,rth,17
rth-ap-37,rth,1
rth-ap-38,rth,16
rth-ap-39,rth,10
rth-ap-40,rth,1
rth-ap-42,rth,1
rth-ap-43,rth,34
rth-ap-44,rth,6
rth-ap-47,rth,1
rth-ap-48,rth,3
rth-ap-49,rth,1
rth-ap-50,rth,3
rth-ap-51,rth,1
rth-ap-53,rth,3
rth-ap-55,rth,4
rth-ap-56,rth,10
rth-ap-57,rth,1
rzc-ap-01,rzc,16
rzc-ap-02,rzc,14
rzc-ap-03,rzc,4
rzc-ap-04,rzc,66
rzc-ap-05,rzc,13
rzc-ap-06,rzc,2
rzc-ap-07,rzc,33
rzc-ap-08,rzc,1
rzc-ap-09,rzc,6
rzc-ap-11,rzc,2
rzc-ap-12,rzc,15
rzc-ap-13,rzc,1
rzc-ap-14,rzc,3
rzc-ap-15,rzc,33
rzc-ap-16,rzc,10
rzc-ap-17,rzc,1
sal-ap-08,sal,4
sal-ap-10,sal,8
sal-ap-11,sal,1
sal-ap-12,sal,2
sal-ap-13,sal,7
sal-ap-14,sal,3
sal-ap-15,sal,1
sal-ap-17,sal,2
sal-ap-18,sal,1
sal-ap-19,sal,6
sal-ap-20,sal,2
sal-ap-21,sal,4
sal-ap-22,sal,1
sal-ap-23,sal,1
sal-ap-4,sal,1
sal-ap-5,sal,11
sal-ap-6,sal,3
sca-ap-1,sca,12
sca-ap-10,sca,5
sca-ap-15,sca,8
sca-ap-16,sca,11
sca-ap-17,sca,11
sca-ap-18,sca,11
sca-ap-2,sca,8
sca-ap-22,sca,2
sca-ap-24,sca,2
sca-ap-25,sca,1
sca-ap-26,sca,13
sca-ap-27,sca,1
sca-ap-33,sca,3
sca-ap-4,sca,2
sca-ap-42,sca,2
sca-ap-44,sca,2
sca-ap-5,sca,10
sca-ap-53,sca,4
sca-ap-54,sca,1
sca-ap-56,sca,1
sca-ap-58,sca,1
sca-ap-6,sca,6
sca-ap-62,sca,2
sca-ap-63,sca,5
sca-ap-64,sca,2
sca-ap-65,sca,1
sca-ap-67,sca,9
sca-ap-68,sca,5
sca-ap-7,sca,5
scb-ap-01,scb,1
scb-ap-03,scb,3
scb-ap-04,scb,1
scb-ap-05,scb,5
scb-ap-06,scb,1
scb-ap-08,scb,9
scb-ap-09,scb,7
scb-ap-10,scb,2
scb-ap-12,scb,8
scb-ap-15,scb,2
scc-ap-01,scc,6
scc-ap-02,scc,2
scc-ap-03,scc,3
scd-ap-1,scd,27
sce-ap-1,sce,1
sce-ap-2,sce,3
sci-ap-14,sci,2
sci-ap-15,sci,1
sci-ap-18,sci,1
sci-ap-20,sci,2
sci-ap-23,sci,1
sci-ap-24,sci,1
sci-ap-25,sci,4
sci-ap-26,sci,1
sci-ap-29,sci,1
sci-ap-31,sci,1
sci-ap-33,sci,1
sci-ap-35,sci,1
sci-ap-7,sci,17
sci-ap-8,sci,2
sci-ap-9,sci,1
scs-ap-01,scs,5
scs-ap-02,scs,9
scs-ap-03,scs,5
scs-ap-04,scs,19
scs-ap-05,scs,76
scx-ap-1,scx,40
scx-ap-2,scx,2
scx-ap-3,scx,28
scx-ap-4,scx,5
sgm-ap-01,sgm,2
sgm-ap-02,sgm,4
sgm-ap-04,sgm,5
sgm-ap-05,sgm,2
sgm-ap-06,sgm,2
sgm-ap-08,sgm,8
sgm-ap-09,sgm,2
sgm-ap-10,sgm,23
sgm-ap-11,sgm,19
sgm-ap-12,sgm,50
sgm-ap-15,sgm,4
sgm-ap-16,sgm,6
sgm-ap-20,sgm,7
sgm-ap-21,sgm,4
sgm-ap-23,sgm,7
sgm-ap-25,sgm,1
sgm-ap-26,sgm,3
sgm-ap-27,sgm,2
sgm-ap-29,sgm,2
sgm-ap-30,sgm,1
sgm-ap-31,sgm,9
sgm-ap-32,sgm,12
sgm-ap-33,sgm,2
sgm-ap-34,sgm,3
sgm-ap-36,sgm,2
sgm-ap-37,sgm,4
sgm-ap-41,sgm,3
sgm-ap-42,sgm,7
sgm-ap-44,sgm,3
sgm-ap-45,sgm,1
sgm-ap-46,sgm,51
sgm-ap-47,sgm,3
sgm-ap-48,sgm,35
sgm-ap-49,sgm,1
sgm-ap-50,sgm,3
sgm-ap-52,sgm,1
sgm-ap-53,sgm,14
sgm-ap-54,sgm,1
sgm-ap-57,sgm,6
sgm-ap-58,sgm,17
sgm-ap-59,sgm,3
sgm-ap-60,sgm,30
sgm-ap-61,sgm,12
sgm-ap-64,sgm,11
sgm-ap-65,sgm,1
sgm-ap-66,sgm,15
sgm-ap-67,sgm,3
sgm-ap-68,sgm,7
sgm-ap-69,sgm,40
sgm-ap-70,sgm,4
sgm-ap-75,sgm,106
sgm-rooftop-ap-01,sgm-rooftop,6
shr-ap-01,shr,4
shr-ap-02,shr,30
shs-ap-01,shs,1
shs-ap-02,shs,27
shs-ap-04,shs,3
shs-ap-05,shs,2
shs-ap-06,shs,3
shs-ap-07,shs,13
shs-ap-08,shs,22
shs-ap-09,shs,9
shs-ap-10,shs,6
shs-ap-11,shs,10
shs-ap-12,shs,2
shs-ap-13,shs,21
shs-ap-14,shs,1
shs-ap-15,shs,14
sks-ap-1,sks,2
sks-ap-11,sks,2
sks-ap-12,sks,8
sks-ap-17,sks,3
sks-ap-18,sks,1
sks-ap-2,sks,1
sks-ap-20,sks,1
sks-ap-22,sks,4
sks-ap-23,sks,1
sks-ap-25,sks,3
sks-ap-26,sks,6
sks-ap-4,sks,1
sks-ap-6,sks,1
sks-ap-7,sks,2
slh-ap-06,slh,3
slh-ap-1,slh,1
slh-ap-3,slh,2
slh-ap-7,slh,1
slh-ap-8,slh,2
sos-ap-03,sos,3
sos-ap-05,sos,4
sos-ap-06,sos,1
sos-ap-07,sos,2
sos-ap-09,sos,2
sos-ap-10,sos,1
sos-ap-13,sos,1
sos-ap-18,sos,3
sos-ap-19,sos,6
sos-ap-20,sos,3
sos-ap-22,sos,1
sos-ap-23,sos,3
sos-ap-24,sos,2
sos-ap-4,sos,4
ssc-ap-02,ssc,3
ssc-ap-03,ssc,3
ssc-ap-04,ssc,16
ssc-ap-05,ssc,6
ssc-ap-06,ssc,3
ssc-ap-07,ssc,18
ssc-ap-08,ssc,43
ssc-ap-09,ssc,4
ssc-ap-10,ssc,2
ssc-ap-12,ssc,6
ssc-ap-13,ssc,15
ssc-ap-14,ssc,15
ssc-ap-15,ssc,18
ssc-ap-16,ssc,15
ssc-ap-17,ssc,24
ssc-ap-18,ssc,10
ssc-ap-19,ssc,25
ssc-ap-20,ssc,3
ssc-ap-21,ssc,14
ssc-ap-22,ssc,17
ssc-ap-23,ssc,1
ssc-ap-24,ssc,7
ssc-ap-25,ssc,1
ssc-ap-27,ssc,2
ssc-ap-28,ssc,2
ssc-ap-29,ssc,14
ssc-ap-30,ssc,8
ssc-ap-32,ssc,2
ssc-ap-33,ssc,2
ssc-ap-34,ssc,1
ssc-ap-36,ssc,4
ssc-ap-38,ssc,1
ssc-ap-39,ssc,2
ssc-ap-40,ssc,32
ssc-ap-41,ssc,15
ssc-ap-42,ssc,28
ssc-ap-43,ssc,2
ssc-ap-44,ssc,3
ssc-ap-46,ssc,2
ssc-ap-47,ssc,1
ssc-ap-48,ssc,5
ssc-ap-49,ssc,21
ssc-ap-50,ssc,2
ssc-ap-51,ssc,7
ssl-ap-01,ssl,1
ssl-ap-02,ssl,1
ssl-ap-05,ssl,2
ssl-ap-07,ssl,2
ssl-ap-08,ssl,1
ssl-ap-10,ssl,2
ssl-ap-11,ssl,5
ssl-ap-12,ssl,2
ssl-ap-13,ssl,1
ssl-ap-14,ssl,3
ssl-ap-15,ssl,2
ssl-ap-16,ssl,9
ssl-ap-17,ssl,1
ssl-ap-18,ssl,3
ssl-ap-20,ssl,1
ssl-ap-21,ssl,11
ssl-ap-24,ssl,7
ssl-ap-25,ssl,7
ssl-ap-26,ssl,1
ssl-ap-30,ssl,1
sto-ap-03,sto,4
sto-ap-04,sto,17
sto-ap-08,sto,1
sto-ap-11,sto,1
sto-ap-13,sto,2
sto-ap-14,sto,2
sto-ap-17,sto,1
sto-ap-20,sto,1
sto-ap-21,sto,3
stu-ap-02,stu,1
stu-ap-03,stu,1
stu-ap-04,stu,1
stu-ap-05,stu,1
stu-ap-07,stu,2
stu-ap-10,stu,4
stu-ap-11,stu,2
stu-ap-13,stu,2
stu-ap-14,stu,2
stu-ap-15,stu,3
stu-ap-16,stu,3
stu-ap-19,stu,1
stu-ap-20,stu,4
stu-ap-21,stu,20
stu-ap-23,stu,4
stu-ap-24,stu,2
stu-ap-26,stu,1
stu-ap-31,stu,5
stu-ap-32,stu,25
stu-ap-33,stu,3
swc-ap-01,swc,3
swc-ap-02,swc,4
swc-ap-03,swc,4
swc-ap-04,swc,1
swc-ap-05,swc,4
swc-ap-06,swc,22
swc-gate4-ap-1,swc-gate4,191
tcc-ap-01,tcc,4
tcc-ap-02,tcc,18
tcc-ap-03,tcc,1
tcc-ap-05,tcc,19
tcc-ap-06,tcc,7
tcc-ap-07,tcc,1
tcc-ap-08,tcc,8
tcc-ap-09,tcc,3
tcc-ap-10,tcc,37
tcc-ap-11,tcc,19
tcc-ap-12,tcc,47
tcc-ap-13,tcc,31
tcc-ap-14,tcc,13
tcc-ap-15,tcc,1
tcc-ap-16,tcc,3
tcc-ap-17,tcc,20
tcc-ap-18,tcc,9
tcc-ap-19,tcc,10
tcc-ap-20,tcc,93
tcc-ap-21,tcc,9
tcc-ap-22,tcc,29
tcc-ap-23,tcc,13
tcc-ap-24,tcc,68
tcc-ap-25,tcc,8
tcc-ap-26,tcc,1
tcc-ap-28,tcc,4
tcc-ap-29,tcc,10
tcc-ap-30,tcc,4
tcc-ap-32,tcc,3
tcc-ap-33,tcc,4
tcc-ap-36,tcc,4
tcc-ap-37,tcc,4
tcc-ap-38,tcc,9
tcc-ap-39,tcc,30
tcc-ap-40,tcc,3
tcc-plaza-2,tcc-plaza-2,155
tcc-plaza-ap-04,tcc-plaza,42
tfe-outdoor-ap-1,tfe-outdoor,251
tgf-ap-01,tgf,5
tgf-ap-02,tgf,6
tgf-ap-03,tgf,1
tgf-ap-04,tgf,4
tgf-ap-06,tgf,4
tgf-ap-08,tgf,3
thh-ap-01,thh,3
thh-ap-02,thh,1
thh-ap-05,thh,1
thh-ap-07,thh,2
thh-ap-08,thh,4
thh-ap-10,thh,5
thh-ap-105,thh,3
thh-ap-106,thh,2
thh-ap-107,thh,1
thh-ap-11,thh,1
thh-ap-12,thh,1
thh-ap-14,thh,3
thh-ap-15,thh,1
thh-ap-17,thh,1
thh-ap-18,thh,6
thh-ap-19,thh,2
thh-ap-20,thh,2
thh-ap-21,thh,4
thh-ap-22,thh,6
thh-ap-25,thh,2
thh-ap-26,thh,2
thh-ap-27,thh,5
thh-ap-29,thh,1
thh-ap-31,thh,5
thh-ap-32,thh,3
thh-ap-33,thh,2
thh-ap-35,thh,5
thh-ap-36,thh,2
thh-ap-37,thh,6
thh-ap-38,thh,1
thh-ap-39,thh,9
thh-ap-42,thh,2
thh-ap-43,thh,2
thh-ap-44,thh,1
thh-ap-45,thh,9
thh-ap-46,thh,3
thh-ap-48,thh,2
thh-ap-49,thh,1
thh-ap-52,thh,2
thh-ap-55,thh,1
thh-ap-58,thh,2
thh-ap-59,thh,4
thh-ap-61,thh,1
thh-ap-62,thh,1
thh-ap-63,thh,2
thh-ap-64,thh,3
thh-ap-66,thh,2
thh-ap-67,thh,4
thh-ap-68,thh,2
thh-ap-69,thh,2
thh-ap-73,thh,1
thh-ap-76,thh,2
thh-ap-77,thh,2
thh-ap-78,thh,6
thh-ap-80,thh,1
thh-ap-87,thh,2
thh-ap-88,thh,1
thh-ap-90,thh,2
thh-ap-92,thh,1
thh-ap-94,thh,1
thh-ap-95,thh,4
thh-ap-96,thh,7
thh-outdoor-south-ap-01,thh-outdoor-south,10
tmc-ap-01,tmc,2
tmc-ap-03,tmc,13
tmc-ap-04,tmc,1
tmc-ap-06,tmc,3
tmc-ap-07,tmc,1
tmc-ap-08,tmc,8
tmc-ap-09,tmc,2
tmy-ap-01,tmy,29
tmy-ap-02,tmy,23
tmy-front-ap-1,tmy-front,147
trf-ap-01,trf,58
trf-ap-02,trf,9
trf-ap-03,trf,17
trf-ap-04,trf,62
trf-ap-05,trf,3
trf-ap-06,trf,68
trf-ap-07,trf,18
trf-ap-08,trf,2
trf-ap-09,trf,133
trf-ap-10,trf,11
trf-ap-11,trf,24
trf-ap-12,trf,6
trf-ap-13,trf,12
trf-ap-15,trf,12
trf-ap-16,trf,5
trf-ap-17,trf,18
trf-ap-19,trf,6
trf-ap-20,trf,2
trf-ap-21,trf,46
trf-ap-22,trf,17
trf-ap-23,trf,5
trf-ap-24,trf,24
trf-ap-25,trf,9
trf-ap-26,trf,26
trf-ap-28,trf,29
trf-ap-29,trf,3
trf-ap-30,trf,3
trf-front-ap-1,trf-front,86
tro-ap-01,tro,1
tro-ap-02,tro,4
tro-ap-03,tro,1
tro-ap-04,tro,2
tro-ap-06,tro,1
tro-ap-08,tro,2
tro-ap-10,tro,4
tro-ap-12,tro,1
tro-ap-16,tro,3
tro-ap-17,tro,1
tro-ap-24,tro,1
tro-ap-26,tro,3
tro-ap-28,tro,1
tro-ap-29,tro,1
tro-ap-30,tro,4
tro-ap-35,tro,5
tro-ap-40,tro,5
tro-ap-41,tro,4
tro-ap-42,tro,3
tro-ap-43,tro,1
tro-ap-44,tro,2
tro-ap-45,tro,2
tro-ap-46,tro,3
tro-ap-47,tro,5
tro-ap-48,tro,2
tro-ap-49,tro,3
tro-ap-50,tro,33
tro-ap-51,tro,4
tro-ap-52,tro,14
tro-ap-54,tro,13
tro-ap-55,tro,9
tro-ap-56,tro,6
tro-ap-57,tro,35
tro-ap-58,tro,14
tro-ap-59,tro,1
tro-ap-60,tro,26
tro-ap-62,tro,1
trousdale-parkway-ap-2,trousdale-parkway,67
trousdale-parkway-ap-3,trousdale-parkway,28
ttl-ap-1,ttl,18
tyl-ap-01,tyl,12
tyl-ap-2,tyl,9
tyl-ap-3,tyl,1
tyl-ap-4,tyl,5
tyl-ap-5,tyl,18
tyl-ap-6,tyl,12
tyl-ap-7,tyl,27
uac-ap-1,uac,48
uac-ap-2,uac,63
uac-ap-3,uac,67
uac-ap-4,uac,26
uac-ap-5,uac,15
uac-ap-6,uac,6
uac-ap-7,uac,25
uac-ap-8,uac,41
uac-outdoor-ap-1,uac-outdoor,141
uac-outdoor-ap-2,uac-outdoor,120
uac-outdoor-ap-3,uac-outdoor,69
upv-ap-1,upv,7
upx-ap-01,upx,8
upx-ap-02,upx,71
upx-ap-03,upx,119
upx-ap-04,upx,1
upx-ap-05,upx,380
upx-ap-06,upx,49
upx-ap-07,upx,27
upx-ap-08,upx,19
upx-ap-09,upx,16
upx-ap-10,upx,12
upx-ap-11,upx,110
upx-ap-12,upx,126
upx-ap-13,upx,45
upx-ap-14,upx,49
upx-ap-15,upx,147
upx-ap-16,upx,15
upx-ap-18,upx,49
upx-ap-19,upx,35
upx-ap-20,upx,23
upx-ap-21,upx,30
upx-ap-22,upx,38
upx-ap-23,upx,7
upx-trailer-ap-1,upx-trailer,8
upx-tram-ap-1,upx-tram,62
urc-ap-01,urc,7
urc-ap-03,urc,5
urc-ap-04,urc,1
urc-ap-05,urc,1
urc-ap-07,urc,12
urc-ap-08,urc,17
urh-ap-01,urh,2
urh-ap-10,urh,8
urh-ap-11,urh,1
urh-ap-14,urh,1
urh-ap-15,urh,2
urh-ap-3,urh,2
urh-ap-4,urh,24
urh-ap-8,urh,2
urh-ap-9,urh,4
uuc-ap-02,uuc,2
uuc-ap-04,uuc,5
uuc-ap-05,uuc,89
uuc-ap-06,uuc,3
uuc-ap-07,uuc,1
uuc-ap-08,uuc,18
uuc-ap-09,uuc,5
uuc-ap-11,uuc,1
uuc-ap-12,uuc,10
vhe-ap-01,vhe,25
vhe-ap-10,vhe,18
vhe-ap-12,vhe,11
vhe-ap-13,vhe,22
vhe-ap-14,vhe,19
vhe-ap-15,vhe,2
vhe-ap-16,vhe,9
vhe-ap-17,vhe,6
vhe-ap-18,vhe,3
vhe-ap-19,vhe,2
vhe-ap-2,vhe,23
vhe-ap-20,vhe,4
vhe-ap-21,vhe,37
vhe-ap-22,vhe,5
vhe-ap-23,vhe,1
vhe-ap-24,vhe,16
vhe-ap-25,vhe,19
vhe-ap-26,vhe,3
vhe-ap-27,vhe,6
vhe-ap-28,vhe,14
vhe-ap-29,vhe,9
vhe-ap-3,vhe,2
vhe-ap-30,vhe,6
vhe-ap-31,vhe,8
vhe-ap-32,vhe,5
vhe-ap-34,vhe,7
vhe-ap-35,vhe,22
vhe-ap-37,vhe,2
vhe-ap-4,vhe,14
vhe-ap-5,vhe,24
vhe-ap-6,vhe,7
vhe-ap-7,vhe,9
vhe-ap-8,vhe,18
vhe-ap-9,vhe,2
vkc-ap-01,vkc,21
vkc-ap-02,vkc,18
vkc-ap-03,vkc,4
vkc-ap-05,vkc,5
vkc-ap-08,vkc,1
vkc-ap-13,vkc,1
vkc-ap-14,vkc,2
vkc-ap-15,vkc,4
vkc-ap-16,vkc,7
vkc-ap-18,vkc,4
vkc-ap-20,vkc,2
vkc-ap-21,vkc,6
vkc-ap-22,vkc,1
vkc-ap-23,vkc,8
vkc-ap-24,vkc,7
vkc-ap-25,vkc,12
vkc-ap-26,vkc,3
vkc-ap-27,vkc,6
vkc-ap-28,vkc,9
vkc-ap-29,vkc,5
vkc-ap-35,vkc,4
vkc-ap-36,vkc,1
vkc-ap-38,vkc,4
vkc-ap-39,vkc,3
vkc-ap-40,vkc,3
vkc-ap-41,vkc,2
vkc-ap-45,vkc,2
vkc-ap-48,vkc,4
vkc-ap-49,vkc,1
vkc-ap-50,vkc,7
vkc-ap-52,vkc,5
vkc-ap-53,vkc,4
vkc-ap-54,vkc,2
vkc-ap-56,vkc,2
vkc-ap-57,vkc,1
vkc-ap-60,vkc,1
vkc-ap-62,vkc,1
vkc-ap-65,vkc,1
vkc-ap-66,vkc,6
vkc-ap-68,vkc,10
vkc-ap-71,vkc,1
vkc-ap-73,vkc,1
vkc-ap-74,vkc,2
vkc-ap-76,vkc,1
vkc-ap-77,vkc,1
vkc-ap-78,vkc,2
vkc-ap-80,vkc,14
vkc-ap-84,vkc,1
vkc-ap-87,vkc,3
vkc-ap-90,vkc,3
vpd-ap-11,vpd,1
vpd-ap-15,vpd,1
vpd-ap-16,vpd,2
vpd-ap-18,vpd,1
vpd-ap-19,vpd,1
vpd-ap-20,vpd,1
vpd-ap-22,vpd,1
vpd-ap-27,vpd,2
vpd-ap-28,vpd,1
vpd-ap-29,vpd,1
vpd-ap-31,vpd,2
vpd-ap-33,vpd,8
vpd-ap-34,vpd,2
vpd-ap-37,vpd,2
vpd-ap-38,vpd,1
vpd-ap-40,vpd,6
vpd-ap-41,vpd,3
vpd-ap-42,vpd,7
vpd-ap-43,vpd,7
vpd-ap-44,vpd,2
vpd-ap-45,vpd,4
vpd-ap-46,vpd,2
vpd-ap-47,vpd,8
vpd-ap-48,vpd,3
vpd-ap-49,vpd,4
vpd-ap-50,vpd,1
vpd-ap-51,vpd,1
vpd-ap-57,vpd,7
vpd-ap-59,vpd,1
vpd-ap-64,vpd,1
vpd-ap-65,vpd,10
vpd-ap-71,vpd,2
vpd-ap-72,vpd,2
vpd-ap-73,vpd,3
wah-ap-01,wah,2
wah-ap-11,wah,1
wah-ap-12,wah,4
wah-ap-13,wah,2
wah-ap-14,wah,1
wah-ap-16,wah,1
wah-ap-17,wah,31
wah-ap-19,wah,3
wah-ap-2,wah,1
wah-ap-21,wah,2
wah-ap-23,wah,3
wah-ap-25,wah,1
wah-ap-26,wah,2
wah-ap-3,wah,1
wah-ap-30,wah,4
wah-ap-36,wah,3
wah-ap-38,wah,1
wah-ap-39,wah,6
wah-ap-4,wah,1
wah-ap-40,wah,5
wah-ap-42,wah,4
wah-ap-43,wah,6
wah-ap-5,wah,7
wah-ap-6,wah,17
wah-ap-7,wah,1
wah-ap-9,wah,1
wah-outdoor-ap-01,wah-outdoor,3
wah-outdoor-ap-south-02,wah-outdoor,28
wph-ap-01,wph,1
wph-ap-12,wph,6
wph-ap-13,wph,2
wph-ap-14,wph,1
wph-ap-15,wph,4
wph-ap-18,wph,14
wph-ap-20,wph,8
wph-ap-23,wph,6
wph-ap-24,wph,52
wph-ap-25,wph,2
wph-ap-26,wph,5
wph-ap-27,wph,2
wph-ap-29,wph,4
wph-ap-3,wph,1
wph-ap-30,wph,3
wph-ap-32,wph,1
wph-ap-35,wph,5
wph-ap-36,wph,4
wph-ap-37,wph,1
wph-ap-38,wph,3
wph-ap-4,wph,1
wph-ap-40,wph,1
wph-ap-41,wph,4
wph-ap-42,wph,6
wph-ap-45,wph,2
wph-ap-46,wph,5
wph-ap-47,wph,1
wph-ap-5,wph,1
wph-ap-51,wph,2
wph-ap-52,wph,1
wph-ap-6,wph,2
wph-ap-7,wph,8
wph-ap-8,wph,2
wph-ap-9,wph,1
wto-ap-01,wto,33
wto-ap-02,wto,31
wto-ap-03,wto,4
wto-ap-04,wto,16
wto-ap-05,wto,24
wto-ap-06,wto,19
wto-ap-07,wto,24
wto-ap-08,wto,27
wto-ap-09,wto,10
wto-ap-10,wto,8
wto-ap-11,wto,14
wto-ap-12,wto,24
wto-ap-13,wto,15
wto-ap-15,wto,5
wto-ap-16,wto,1
wto-ap-17,wto,35
wto-ap-18,wto,6
wto-ap-19,wto,14
wto-ap-20,wto,13
wto-ap-21,wto,1
wto-ap-22,wto,4
wto-ap-23,wto,5
wto-ap-24,wto,2
wto-ap-25,wto,4
wto-ap-26,wto,34
wto-ap-27,wto,2
wto-ap-28,wto,10
wto-ap-29,wto,14
wto-ap-30,wto,5
wto-ap-32,wto,112
wto-ap-34,wto,15
wto-ap-35,wto,18
wto-ap-36,wto,31
wto-ap-37,wto,8
wto-ap-39,wto,18
wto-ap-40,wto,31
wto-ap-41,wto,49
wto-ap-42,wto,84
wto-ap-43,wto,65
wto-ap-44,wto,2
wto-ap-45,wto,5
wto-ap-46,wto,4
wto-ap-47,wto,6
wto-ap-48,wto,26
wto-ap-49,wto,4
wto-ap-50,wto,6
wto-ap-51,wto,8
wto-ap-52,wto,3
wto-ap-54,wto,39
wto-ap-55,wto,23
wto-ap-56,wto,2
wto-ap-57,wto,17
wwg-ap-01,wwg,24
zhs-ap-08,zhs,1
zhs-ap-09,zhs,1
zhs-ap-12,zhs,1
zhs-ap-20,zhs,24
zhs-ap-21,zhs,1
zhs-ap-22,zhs,1
zhs-ap-23,zhs,2
zhs-ap-24,zhs,1
zhs-ap-25,zhs,1
zhs-ap-26,zhs,3
zhs-ap-29,zhs,1
zhs-ap-30,zhs,2
zhs-ap-33,zhs,1
zhs-ap-34,zhs,1
zhs-ap-36,zhs,1
zhs-ap-37,zhs,1
zhs-ap-38,zhs,1
zhs-ap-41,zhs,6
zhs-ap-42,zhs,14
zhs-ap-43,zhs,3
zhs-ap-46,zhs,2
zhs-ap-48,zhs,14
zhs-ap-51,zhs,8
zhs-ap-54,zhs,1
zhs-ap-56,zhs,21
zhs-ap-57,zhs,26
zhs-ap-58,zhs,27
zhs-ap-61,zhs,8
zhs-ap-62,zhs,17
zhs-ap-63,zhs,2
zhs-ap-65,zhs,19
zhs-ap-66,zhs,8
zhs-ap-67,zhs,11
zhs-ap-68,zhs,4
zhs-ap-73,zhs,5
zhs-ap-76,zhs,7
zhs-ap-78,zhs,2
zhs-ap-79,zhs,1
zhs-ap-80,zhs,10
zhs-ap-81,zhs,7
zhs-ap-82,zhs,7
zhs-ap-83,zhs,1
zhs-ap-84,zhs,25
zhs-ap-85,zhs,5
zhs-ap-88,zhs,7
zhs-ap-89,zhs,1
zhs-ap-91,zhs,2
zhs-ap-92,zhs,7
zhs-ap-93,zhs,2
zhs-front-ap-01,zhs-front,88
zmt-ap-01,zmt,147
